<?xml version="1.0" encoding="UTF-8" standalone="yes"?>
<personList>
    <list>
        <password>password</password>
        <username>admin</username>
    </list>
    <list>
        <password>1</password>
        <username>dal</username>
    </list>
    <list>
        <password>1</password>
        <username>orn</username>
    </list>
    <list>
        <password>berzins</password>
        <username>daniels</username>
    </list>
    <list>
        <password>0</password>
        <username>daniels1</username>
    </list>
    <list>
        <password>man</password>
        <username>lolzo</username>
    </list>
</personList>
